{"$schema":"http://schema.management.azure.com/schemas/2015-01-01/deploymentTemplate.json#","contentVersion":"1.0.0.0","parameters":{"factoryName":{"type":"string","metadata":"Data Factory name"},"azuresqladventure":{"type":"string"},"ADLSgen2_Dynamic":{"type":"string"}},"variables":{"factoryId":"[concat('Microsoft.DataFactory/factories/', parameters('factoryName'))]"},"resources":[{"name":"[concat(parameters('factoryName'), '/Dynamic_LinkedService')]","type":"Microsoft.DataFactory/factories/pipelines","apiVersion":"2018-06-01","properties":{"activities":[{"name":"ADLSCopy","type":"Copy","dependsOn":[],"policy":{"timeout":"7.00:00:00","retry":0,"retryIntervalInSeconds":30,"secureOutput":false,"secureInput":false},"userProperties":[],"typeProperties":{"source":{"type":"AzureSqlSource","queryTimeout":"02:00:00","partitionOption":"None"},"sink":{"type":"DelimitedTextSink","storeSettings":{"type":"AzureBlobFSWriteSettings"},"formatSettings":{"type":"DelimitedTextWriteSettings","quoteAllText":true,"fileExtension":".txt"}},"enableStaging":false,"translator":{"type":"TabularTranslator","typeConversion":true,"typeConversionSettings":{"allowDataTruncation":true,"treatBooleanAsNumber":false}}},"inputs":[{"referenceName":"addressdetail","type":"DatasetReference","parameters":{}}],"outputs":[{"referenceName":"Address","type":"DatasetReference","parameters":{"Storage_Name":{"value":"@pipeline().parameters.Storagename","type":"Expression"},"Path":{"value":"@pipeline().parameters.Storagepath","type":"Expression"},"Container":{"value":"@pipeline().parameters.Container","type":"Expression"}}}]}],"parameters":{"Storagename":{"type":"string","defaultValue":"https://nithsadlsgen2new.dfs.core.windows.net"},"Container":{"type":"string","defaultValue":"test"},"Storagepath":{"type":"string","defaultValue":"Child1 / Child11"}},"annotations":[]},"dependsOn":["[concat(variables('factoryId'), '/datasets/addressdetail')]","[concat(variables('factoryId'), '/datasets/Address')]"]},{"name":"[concat(parameters('factoryName'), '/addressdetail')]","type":"Microsoft.DataFactory/factories/datasets","apiVersion":"2018-06-01","properties":{"linkedServiceName":{"referenceName":"[parameters('azuresqladventure')]","type":"LinkedServiceReference"},"annotations":[],"type":"AzureSqlTable","schema":[{"name":"AddressID","type":"int","precision":10},{"name":"AddressLine1","type":"nvarchar"},{"name":"AddressLine2","type":"nvarchar"},{"name":"City","type":"nvarchar"},{"name":"StateProvince","type":"nvarchar"},{"name":"CountryRegion","type":"nvarchar"},{"name":"PostalCode","type":"nvarchar"},{"name":"rowguid","type":"uniqueidentifier"},{"name":"ModifiedDate","type":"datetime","precision":23,"scale":3}],"typeProperties":{"schema":"SalesLT","table":"Address_test"}},"dependsOn":[]},{"name":"[concat(parameters('factoryName'), '/Address')]","type":"Microsoft.DataFactory/factories/datasets","apiVersion":"2018-06-01","properties":{"linkedServiceName":{"referenceName":"[parameters('ADLSgen2_Dynamic')]","type":"LinkedServiceReference","parameters":{"storagename":{"value":"@dataset().Storage_Name","type":"Expression"}}},"parameters":{"Storage_Name":{"type":"string"},"Path":{"type":"string"},"Container":{"type":"string"}},"annotations":[],"type":"DelimitedText","typeProperties":{"location":{"type":"AzureBlobFSLocation","folderPath":{"value":"@dataset().Path","type":"Expression"},"fileSystem":{"value":"@dataset().Container","type":"Expression"}},"columnDelimiter":",","escapeChar":"\\","quoteChar":"\""},"schema":[]},"dependsOn":[]}]}